listing_id,original_url,collected_at,price_brl,area_m2,price_per_m2_brl,condo_fee_raw,condo_fee_brl,condo_fee_exempt,iptu_raw,iptu_brl,iptu_exempt,neighborhood,address_displayed,city,state,title,description,condominium_name,advertiser,creci,lot_dimensions,frontage,topography,infrastructure,condominium_features,latitude,longitude,published_at,updated_at,photo_count
2906649016,https://www.vivareal.com.br/imovel/lote-terreno-jardim-park-real-bairros-indaiatuba-160m2-venda-RS383391-id-2906649016/?source=ranking%2Crp,2026-10-01T22:42:24-03:00,383391,160,2396.19,R$ 315,315,false,R$ 1.029,1029,false,Jardim Park Real,Rua Joaquim Gomes Meldaço,Indaiatuba,SP,"Lote/Terreno à venda, 160m² - Jardim Park Real","Terreno à venda no condomínio Jardim Park Real em Indaiatuba/SP.

- Área do terreno: 160,17 m².
- Topografia: Plano.

VALORES A PARTIR DE R$ R$ 383.391,00 ,00

O condomínio Park Real oferece segurança, lazer completo e uma excelente infraestrutura para você e sua família. Em processo de implementação de cerca elétrica e câmeras para maior tranquilidade de seus moradores.",Jardim Park Real,Gps Imóveis,19407-J-SP,,,Plano,Portaria 24h | Ronda | Salão de festas com churrasqueira | Playground | Quadra poliesportiva | Quadra de tênis | Espaço para atividades ao ar livre,,-23.093398,-47.240935,2026-08-19,,8
2912449474,https://www.vivareal.com.br/imovel/lote-terreno-loteamento-residencial-vila-fahl-bairros-indaiatuba-150m2-venda-RS280000-id-2912449474/?source=ranking%2Crp,2026-10-01T22:42:24-03:00,280000,150,1866.67,isento,,true,,,false,Loteamento Residencial Vila Fahl,Avenida Naudir Bernardinelli,Indaiatuba,SP,"Lote/Terreno à venda, 150m² - Loteamento Residencial Vila Fahl","Venda - Terreno no Loteamento Residencial Vila Fahl, Indaiatuba.

Terreno com 150m², localizado em um loteamento tranquilo e bem estruturado. Possui acesso à água, energia, esgoto e pavimentação.
Ideal para construção da casa dos seus sonhos em um ambiente seguro e familiar.

Entre em contato para mais informações sobre essa oportunidade única!",Loteamento Residencial Vila Fahl,Milena Ferreira De Souza Fernandes,252634-F-SP,,,,água | energia | esgoto | pavimentação,Piscina | Churrasqueira | Piscina para adulto,-23.087356,-47.249173,2026-09-16,2026-10-02,19
2483819402,https://www.vivareal.com.br/imovel/lote-terreno-jardim-panorama-bairros-indaiatuba-359m2-venda-RS200000-id-2483819402/?source=ranking%2Crp,2026-10-01T22:42:24-03:00,200000,359,557.1,R$ 200,200,false,R$ 180,180,false,Jardim Panorama,Alameda Ezequiel Mantoanelli,Indaiatuba,SP,"Lote/Terreno à venda, 359m² - Jardim Panorama","Ótimo terreno , excelente topográfica pronto pra construir , loteamento com casas prontas",Jardim Panorama,Eduardo Augusto Barradas Coelho Dos Santos,,,,Plano,Rede de água e esgoto | Rua asfaltada | Argiloso,,-23.101965,-47.181032,2020-05-19,,4
2912222846,https://www.vivareal.com.br/imovel/lote-terreno-chacaras-traviu-bairros-indaiatuba-200m2-venda-RS339000-id-2912222846/?source=ranking%2Crp,2026-10-01T22:42:24-03:00,339000,200,1695,isento,,true,isento,,true,Mato Dentro,Estrada Municipal Salvador Canton Garcia,Indaiatuba,SP,"Lote/Terreno à venda, 200m² - Chácaras Traviú","Terreno plano, excelente para construção sem custo com arrimo ou terraplanagem. Condomínio prestes a ser liberado para construção O Reserva Botânica contará com uma excelente estrutura de lazer e segurança: portaria 24h, complexo aquático, quadras de tênis, beach tennis e poliesportiva, academia, salão de festas, quiosque gourmet, playground, espaço pet, fire pit e mais de 42 mil m² de áreas verdes.",Reserva Botânica,Pleno Imóveis,21893-J-SP,,,plano,Portaria 24h | Complexo aquático | Quadras de tênis | Beach tennis | Quadra poliesportiva | Academia | Salão de festas | Quiosque gourmet | Playground | Espaço pet | Fire pit | Mais de 42 mil m² de áreas verdes,,-23.047992,-47.234023,15 de setembro de 2026,1 dia,8
2535051378,https://www.vivareal.com.br/imovel/lote-terreno-vila-rubens-bairros-indaiatuba-250m2-venda-RS360000-id-2535051378/?source=ranking%2Crp,2026-10-01T22:42:24-03:00,360000,250,1440,isento,,true,isento,,true,Vila Rubens,Rua José Milanesi,Indaiatuba,SP,"Lote/Terreno à venda, 250m² - Vila Rubens","Lote/Terreno à venda, 250m² - Vila Rubens",,We Home Imóveis,38793 J,,,,Guarita blindada | Condomínio fechado,Aceita animais,-23.072013,-47.195244,há 5 anos,há 5 dias,12
2894782716,https://www.vivareal.com.br/imovel/lote-terreno-parque-barnabe-bairros-indaiatuba-150m2-venda-RS210000-id-2894782716/?source=ranking%2Crp,2026-10-01T22:42:24-03:00,210000,150,1400,isento,,true,R$ 68,68,false,Parque Barnabé,Rua Manoel Messias de Araújo,Indaiatuba,SP,"Lote/Terreno à venda, 150m² - Parque Barnabé","Terreno à Venda – Jardim Barnabé

Excelente oportunidade para construir a casa dos seus sonhos!

Terreno plano;
Área total de 150 m²;
Ótima localização no Jardim Barnabé;
Região em constante valorização;
Ideal para construção residencial.

Terreno com excelente aproveitamento, pronto para receber seu projeto e proporcionar conforto e qualidade de vida para sua família.",Parque Barnabé,Grupo Avalia,27154-J-SP,,,plano,,,-23.077675,-47.217923,2026-06-24,2026-10-24,10
2490500979,https://www.vivareal.com.br/imovel/lote-terreno-jardim-paulista-bairros-indaiatuba-270m2-venda-RS310000-id-2490500979/?source=ranking%2Crp,2026-10-01T22:42:24-03:00,310000,270,1148.15,isento,,true,R$ 403,403,false,Jardim Paulista II,Avenida Higienópolis,Indaiatuba,SP,"Lote/Terreno à venda, 270m² - Jardim Paulista","Terreno para uso residencial e/ou comercial no Jardim Paulista II, Indaiatuba/SP. Localizado na avenida Higianopolis, próximo a padarias, farmácias, loja de material de construção e comercios em geral. Bem localizado, com fácil acesso, o terreno se encontra limpo, planado e com calçada, pronto para construir. Negociação direto com o proprietário.",,Orlando Americo Neto,,,,Plano,Rede de água e esgoto | Rua asfaltada,,-23.120248,-47.250295,2020-07-24,2023-09-24,6
2427710117,https://www.vivareal.com.br/imovel/lote-terreno-jardim-residencial-dona-lucilla-bairros-indaiatuba-300m2-venda-RS255000-id-2427710117/?source=ranking%2Crp,2026-10-01T22:42:24-03:00,255000,300,850,R$ 230,230,false,R$ 264,264,false,Jardim Residencial Dona Lucilla,Rua Maria Ines Milani Domingues,Indaiatuba,SP,"Lote/Terreno à venda, 300m² - Jardim Residencial Dona Lucilla","Vendo terreno de 300 m2 no Residencial Lucilla, lote S6 Este terreno já possui aprovação da prefeitura para construção e projeto detalhado disponível (Projeto sobrado 225m2), caso o interessado queira será cedido sem custo adicional",Jardim Residencial Dona Lucilla,Agilson Dos Santos Jr,,,,,,,-23.084946,-47.230842,2018-08-05,2023-05-01,5
2914926467,https://www.vivareal.com.br/imovel/lote-terreno-parque-barnabe-bairros-indaiatuba-150m2-venda-RS230000-id-2914926467/?source=ranking%2Crp,2026-10-01T22:42:24-03:00,230000,150,1533.33,isento,,true,isento,,true,Parque Barnabé,Rua Manoel Messias de Araújo,Indaiatuba,SP,"Lote/Terreno à venda, 150m² - Parque Barnabé","TERRENO À VENDA - PARQUE BARNABÉ / INDAIATUBA - SP. Rua Manoel Messias de Araújo. Excelente oportunidade para construir seu novo lar em uma região valorizada de Indaiatuba! Área: 150 m². Dimensões: 7,5 X 20. Escriturado e registrado em cartório. Valor de venda: R$ 230.000,00. Uma ótima opção para quem busca um terreno com documentação regularizada e espaço ideal para realizar se projeto.",Parque Barnabé,Mantovani & Associados Negócios Imobiliários Ltda Me,,"7,5 X 20",,,,,-23.089062,-47.275105,2026-09-29,2026-10-01,11
2841978531,https://www.vivareal.com.br/imovel/lote-terreno-jardim-residencial-nova-veneza-bairros-indaiatuba-150m2-venda-RS286000-id-2841978531/?source=ranking%2Crp,2026-10-01T22:42:24-03:00,286000,150,1906.67,isento,,true,R$ 792,792,false,Jardim Residencial Nova Veneza,Rua Dirley Pietrobon,Indaiatuba,SP,"Lote/Terreno à venda, 150m² - Jardim Residencial Nova Veneza","Lote/Terreno à venda, 150m² - Jardim Residencial Nova Veneza. Este pode ser o momento ideal para você adquirir um excelente terreno e construir o imóvel dos seus sonhos. Com 150 m² (7,5 m x 20 m), o terreno está localizado em uma rua tranquila e valorizada, cercada por diversos imóveis residenciais novos, proporcionando um ambiente agradável e em constante crescimento. Além disso, conta com proximidade ao comércio local, oferecendo praticidade para o dia a dia. Se você busca um espaço ideal para construir com conforto e qualidade de vida, esta é a oportunidade certa!",Jardim Residencial Nova Veneza,Grupo Avalia,27154-J-SP,"150 m² (7,5 m x 20 m)",,,,,-23.092243,-47.247974,2025-10-08T00:00:00Z,2025-09-20T00:00:00Z,13
2909306965,https://www.vivareal.com.br/imovel/lote-terreno-jardim-colonial-bairros-indaiatuba-150m2-venda-RS480000-id-2909306965/?source=ranking%2Crp,2026-10-01T22:42:24-03:00,480000,150,3200,isento,,true,R$ 108,108,false,Jardim Colonial,Rua José Américo Forner Soster,Indaiatuba,SP,"Lote/Terreno à venda, 150m² - Jardim Colonial","Terreno com piscina à Venda no Jardim Colonial em Indaiatuba/SP

Área do terreno: 150 m²;
Área construída: 72 m²;

- Piscina de 8 x 3 com sistema de aquecimento solar;
- Portão eletrônico;

Cobertura com:
- Churrasqueira;
- 2 Banheiros;
- Pia com fogão industrial;
- Mesa de Sinuca.

Localizado próximo ao Burguer King e a Panobianco Academia, a 2 minutos do Parque Ecológico, 7 minutos do centro e 20 minutos do Aeroporto Internacional de Viracopos.",,Century 21 Exclusive,24113-J-SP,,,,,,-23.107053,-47.231955,2026-09-01,,
2576219064,https://www.vivareal.com.br/imovel/lote-terreno-jardins-di-roma-bairros-indaiatuba-300m2-venda-RS460000-id-2576219064/?source=ranking%2Crp,2026-10-01T22:42:24-03:00,460000,300,1533.33,R$ 450,450,false,R$ 1.100,1100,false,Jardins Di Roma,Rua Senhor Eduardo dos Santos,Indaiatuba,SP,"Lote/Terreno à venda, 300m² - Jardins di Roma","TERRENOS NO CONDOMÍNIO RESIDENCIAL JARDINS DI ROMA INDAIATUBA

São lotes a partir de 300 m² e condomínio completo com segurança 24 horas e lazer.

Localizado a 2,5 km do parque ecológico, 4,5 km do centro, 3,5 do Shopping e 18,5 Km do Aeroporto Internacional de Viracopos.

Condomínio com segurança 24 horas (portaria e ronda) e uma área de lazer completa piscina Adulto e Infantil, quadra de Esporte, quiosques com Churrasqueira e playground.",Jardins di Roma,JRW Imóveis,162789-F-SP,,,,piscina Adulto e Infantil | quadra de Esporte | quiosques com Churrasqueira | playground,segurança 24 horas (portaria e ronda),-23.068861,-47.237953,2022-08-16T00:00:00Z,2023-10-05T00:00:00Z,8
2893835282,https://www.vivareal.com.br/imovel/lote-terreno-indaiatuba-bairros-indaiatuba-166m2-venda-RS209000-id-2893835282/?source=ranking%2Crp,2026-10-01T22:42:24-03:00,209000,166,1259.04,isento,,true,R$ 49,49,false,Jardim das Maritacas,Rua Alcides Pazin,Indaiatuba,SP,"Lote/Terreno à venda, 166m² - Indaiatuba","Terreno à venda no bairro Jardim das Maritacas em Indaiatuba/SP.

- Área de terreno: 165,74 m².
- Ótima topografia.
- Localização excelente.
- Bairro planejado.
- 20 minutos do Aeroporto Internacional de Viracopos.

*PROJETO APROVADO CONFORME FOTOS*",,Gps Imóveis,19407-J-SP,,,Ótima topografia,Comércios | Escolas | Posto de saúde | Mercados,,-23.121844,-47.252841,2026-06-19,2026-10-24,13
2910244351,https://www.vivareal.com.br/imovel/lote-terreno-parque-barnabe-bairros-indaiatuba-150m2-venda-RS180000-id-2910244351/?source=ranking%2Crp,2026-10-01T22:42:24-03:00,180000,150,1200,isento,,true,R$ 78,78,false,Parque Barnabé,Rua Omar Bull,Indaiatuba,SP,"Lote/Terreno à venda, 150m² - Parque Barnabé","Terreno à venda no bairro Parque Barnabé em Indaiatuba/SP.
- Área de terreno: 150 m².
- Excelente topografia.
- No Smart city.
Entre em contato conosco e agende uma visita!",,Gps Imóveis,19407-J-SP,,,,,,-23.089062,-47.275105,2026-09-05,2023-10-02,8
2888710596,https://www.vivareal.com.br/imovel/lote-terreno-loteamento-residencial-vila-fahl-bairros-indaiatuba-150m2-venda-RS280000-id-2888710596/?source=ranking%2Crp,2026-10-01T22:42:24-03:00,280000,150,1866.67,isento,,true,isento,,true,Loteamento Residencial Vila Fahl,Avenida Naudir Bernardinelli,Indaiatuba,SP,"Lote/Terreno à venda, 150m² - Loteamento Residencial Vila Fahl","Terreno à venda no Loteamento Residencial Vila Fahl, Indaiatuba.

Com área útil de 150m², este terreno possui infraestrutura completa de água, energia, esgoto e pavimentação. Ideal para construir a casa dos seus sonhos! Localizado em um bairro tranquilo e bem estruturado, o terreno oferece ainda uma área de lazer perfeita para momentos relaxantes em família.

Não perca essa oportunidade de investir em um local privilegiado! Entre em contato para mais informações.",Loteamento Residencial Vila Fahl,Patricia Cunha - Pleno Imóveis,234652-F-SP,,,,água | energia | esgoto | pavimentação,piscina | churrasqueira | piscina para adulto,-23.087356,-47.249173,2026-05-25,2026-10-04,19
2910727436,https://www.vivareal.com.br/imovel/lote-terreno-jardim-bom-sucesso-bairros-indaiatuba-150m2-venda-RS265000-id-2910727436/?source=ranking%2Crp,2026-10-01T22:42:24-03:00,265000,150,1766.67,isento,,true,R$ 80,80,false,Jardim Bom Sucesso,Rua Ana Domingas Sonssim Barzan,Indaiatuba,SP,"Lote/Terreno à venda, 150m² - Jardim Bom Sucesso","TERRENO À VENDA JARDIM BOM SUCESSO | INDAIATUBA

Excelente oportunidade para construir sua casa em um bairro promissor e em valorização, com vizinhança formada por casas de ótimo padrão.

Terreno com 150 m²

Bairro com infraestrutura completa, fácil acesso e comércio próximo, oferecendo praticidade para o dia a dia.

A apenas 5 minutos do Parque Ecológico, em uma região que vem se destacando pelo crescimento e valorização.

Ideal para quem busca qualidade de vida, boa localização e excelente potencial de valorização.",,Maxximus Imóveis,41771-J-SP,,,,infraestrutura completa | fácil acesso | comércio próximo,,-23.109418,-47.261406,2026-09-08,2026-09-29,8
2912454824,https://www.vivareal.com.br/imovel/lote-terreno-altos-da-bela-vista-bairros-indaiatuba-300m2-venda-RS394000-id-2912454824/?source=ranking%2Crp,2026-10-01T22:42:24-03:00,394000,300,1313.33,R$ 383,383,false,isento,,true,Chácara Areal,Rua Ângelo Petrilli,Indaiatuba,SP,"Lote/Terreno à venda, 300m² - Altos da Bela Vista","""Excelente Oportunidade no Condomínio Belmonte em Indaiatuba Se você está em busca do lugar perfeito para construir a casa dos seus sonhos ou realizar um investimento sólido, este terreno de 300m² no Condomínio Belmonte é a escolha ideal. Com topografia privilegiada que favorece os mais variados projetos arquitetônicos, o lote oferece o espaço perfeito para quem prioriza conforto, privacidade e qualidade de vida. O residencial se destaca por sua infraestrutura moderna, fiação subterrânea que preserva a harmonia visual, segurança com portaria vinte e quatro horas e uma área de lazer completa para toda a família. Além do padrão exclusivo do condomínio, a localização é um dos grandes diferenciais. O imóvel está estrategicamente posicionado em Indaiatuba, proporcionando acesso rápido e fácil a tudo o que você precisa no dia a dia. Para as compras e conveniência, a região conta com excelentes opções de supermercados como o Pão de Açúcar, o Carrefour e o Oba Hortifruti. A saúde também é um ponto forte, estando a poucos minutos de hospitais de referência na cidade, como o Hospital Augusto de Oliveira Camargo e o Hospital Santa Ignês. O condomínio ainda oferece facilidade de acesso ao icônico Parque Ecológico, centro financeiro, colégios de alto padrão e às principais saídas para a Rodovia Santos Dumont, garantindo praticidade para quem precisa se deslocar para Campinas ou para o Aeroporto Internacional de Viracopos. Agende sua visita e venha conhecer o cenário do seu próximo capítulo.""",Condomínio Belmonte,Milena Ferreira De Souza Fernandes,252634-F-SP,,,,Rua asfaltada,Segurança com portaria 24 horas | Áreas de lazer completas,-23.076204,-47.221099,16 de setembro de 2026,2026-09-30T00:00:00Z,18
2912453130,https://www.vivareal.com.br/imovel/lote-terreno-altos-da-bela-vista-bairros-indaiatuba-300m2-venda-RS345000-id-2912453130/?source=ranking%2Crp,2026-10-01T22:42:24-03:00,345000,300,1150,isento,,true,isento,,true,Altos da Bela Vista,Rua João Otto Steffen,Indaiatuba,SP,"Lote/Terreno à venda, 300m² - Altos da Bela Vista","Terreno à venda no condomínio Altos da Bela Vista, em Indaiatuba – SP.
Com 300m² de área total, este terreno possui topografia plana e medidas ideais para construção: 12 metros de largura por 25 metros de comprimento. Já conta com pavimentação e está pronto para receber o projeto da casa dos seus sonhos.
Localizado em um dos condomínios mais bem posicionados da cidade, fica a apenas 4 minutos do Parque Ecológico, Colégio Objetivo e Supermercado Sumerbol, oferecendo praticidade e qualidade de vida para toda a família.
Aproveite essa excelente oportunidade de morar em uma região valorizada e com fácil acesso a tudo o que você precisa.
Entre em contato para mais informações e agende sua visita!",Altos da Bela Vista,Milena Ferreira De Souza Fernandes,252634-F-SP,,12 metros de largura por 25 metros de comprimento,plano,pavimentação,,-23.065256,-47.244427,2026-09-16T00:00:00Z,2026-09-30T00:00:00Z,15
2698967597,https://www.vivareal.com.br/imovel/lote-terreno-jardim-residencial-reserva-da-mata-bairros-indaiatuba-300m2-venda-RS580000-id-2698967597/?source=showcase%2Crp,2026-10-01T22:42:24-03:00,580000,300,1933.33,isento,,true,isento,,true,Chácara Areal,,Indaiatuba,SP,"Lote/Terreno à venda, 300m² - Jardim Residencial Reserva da Mata","Excelente Terreno à venda no Condomínio Reserva da Mata - Indaiatuba/SP. Área total: 300 m² Este terreno é uma excelente oportunidade, oferecendo ampla área e uma localização privilegiada, situado a apenas 800 metros do Parque Ecológico e próximo ao supermercado Sumerbol. Sua proximidade com o parque proporciona acesso a espaços verdes e recreativos, enquanto a conveniência de ter um supermercado nas proximidades oferece comodidade para as necessidades diárias. Com essa localização estratégica, o terreno apresenta potencial para diversos tipos de uso, desde residencial até comercial, tornando-o uma opção atrativa para investidores ou para quem busca construir a sua residência dos sonhos em um ambiente tranquilo e acessível.",Jardim Residencial Reserva da Mata,Valentina Caran Imoveis Ltda,05622-J-SP,,,,,,-23.072257,-47.221831,16 de março de 2024,3 dias atrás,10
2900477361,https://www.vivareal.com.br/imovel/lote-terreno-jardim-casablanca-bairros-indaiatuba-150m2-venda-RS218000-id-2900477361/?source=ranking%2Crp,2026-10-01T22:43:21-03:00,218000,150,1453.33,,,false,,,false,Jardim Casablanca,Rua Zídio Franco Cipó,Indaiatuba,SP,"Lote/Terreno à venda, 150m² - Jardim Casablanca","Terreno à Venda – Jardim Casablanca, Indaiatuba/SP Excelente oportunidade para quem deseja investir ou construir em um dos bairros que mais cresc em em Indaiatuba! O Jardim Casablanca é uma região nova e em plena expansão, com fácil acesso a comércios, escolas e principais vias da cidade — ideal para quem busca qualidade de vida e valorização garantida. Características do terreno: Área total de 150 m² Terreno plano, pronto para construir Localizado em bairro novo, com infraestrutura em crescimento Documentação em ordem Diferenciais: ✔️ Região com alta valorização imobiliária ✔️ Bairro planejado e com ótimo potencial de desenvolvimento ✔️ Ideal para construção residencial ou investimento de retorno rápido ✔️ Fácil acesso ao centro e principais rodovias Por que investir em Indaiatuba? A cidade é destaque entre as mais valorizadas do interior paulista, com crescimento urbano contínuo, segurança, infraestrutura moderna e ótima qualidade de vida — fatores que atraem cada vez mais investidores e famílias.",,Pleno Imóveis,21893-J-SP,,,plano,,,-23.064166,-47.173325,2026-07-22,2026-09-03,3
2900482669,https://www.vivareal.com.br/imovel/lote-terreno-loteamento-residencial-vila-fahl-bairros-indaiatuba-150m2-venda-RS280000-id-2900482669/?source=ranking%2Crp,2026-10-01T22:43:21-03:00,280000,150,1866.67,isento,,true,,,false,Loteamento Residencial Vila Fahl,Avenida Naudir Bernardinelli,Indaiatuba,SP,"Lote/Terreno à venda, 150m² - Loteamento Residencial Vila Fahl","""Terreno amplo à venda no Loteamento Residencial Vila Fahl, em Indaiatuba. Com uma área útil de 150m², este terreno conta com todas as infraestruturas necessárias, como água, energia, esgoto e pavimentação. Localizado em uma região tranquila e residencial, este terreno é ideal para construir a casa dos seus sonhos. Aproveite a oportunidade de adquirir um terreno com excelente localização e acesso fácil a diversos pontos da cidade. Entre em contato conosco para mais informações e agende uma visita para conhecer esse terreno incrível. Aproveite essa chance única de investimento!""",Loteamento Residencial Vila Fahl,Pleno Imóveis,21893-J-SP,,,,água | energia | esgoto | pavimentação,Piscina | Salão de festas | Playground,-23.087356,-47.249173,2026-07-22,2026-09-22,19
2906791874,https://www.vivareal.com.br/imovel/lote-terreno-altos-da-bela-vista-bairros-indaiatuba-299m2-venda-RS394000-id-2906791874/?source=ranking%2Crp,2026-10-01T22:43:21-03:00,394000,299,1317.73,R$ 387,387,false,isento,,true,Chácara Areal,Rua Ângelo Petrilli,Indaiatuba,SP,"Lote/Terreno à venda, 299m² - Altos da Bela Vista","Excelente Oportunidade no Condomínio Belmonte em Indaiatuba Se você está em busca do lugar perfeito para construir a casa dos seus sonhos ou realizar um investimento sólido, este terreno de 300m² no Condomínio Belmonte é a escolha ideal. Com topografia privilegiada que favorece os mais variados projetos arquitetônicos, o lote oferece o espaço perfeito para quem prioriza conforto, privacidade e qualidade de vida. O residencial se destaca por sua infraestrutura moderna, fiação subterrânea que preserva a harmonia visual, segurança com portaria vinte e quatro horas e uma área de lazer completa para toda a família. Além do padrão exclusivo do condomínio, a localização é um dos grandes diferenciais. O imóvel está estrategicamente posicionado em Indaiatuba, proporcionando acesso rápido e fácil a tudo o que você precisa no dia a dia. Para as compras e conveniência, a região conta com excelentes opções de supermercados como o Pão de Açúcar, o Carrefour e o Oba Hortifruti. A saúde também é um ponto forte, estando a poucos minutos de hospitais de referência na cidade, como o Hospital Augusto de Oliveira Camargo e o Hospital Santa Ignês. O condomínio ainda oferece facilidade de acesso ao icônico Parque Ecológico, centro financeiro, colégios de alto padrão e às principais saídas para a Rodovia Santos Dumont, garantindo praticidade para quem precisa se deslocar para Campinas ou para o Aeroporto Internacional de Viracopos. Agende sua visita e venha conhecer o cenário do seu próximo capítulo.",Condomínio Belmonte,Pleno Imóveis - Interior,,,,,rua asfaltada,piscina | salão de festas,-23.076204,-47.221099,há 1 mês,há 20 horas,18
2895157292,https://www.vivareal.com.br/imovel/lote-terreno-parque-barnabe-bairros-indaiatuba-150m2-venda-RS169800-id-2895157292/?source=ranking%2Crp,2026-10-01T22:43:21-03:00,169800,150,1132,isento,,true,R$ 76,76,false,Parque Barnabé,Rua Victor Battisti Wanderley,Indaiatuba,SP,"Lote/Terreno à venda, 150m² - Parque Barnabé","Terreno residencial à venda no bairro Smart City em Indaiatuba/SP.

- Área de terreno: 150 m².
- Localizado em bairro com grande valorização.
- Excelente topografia.
- Oportunidade para quem busca morar em uma região em constante crescimento,
- Próxima ao Parque Industrial e com fácil acesso aos principais pontos da cidade.",Parque Barnabé,Gps Imóveis,19407-J-SP,,,Excelente topografia.,,TV a cabo,-23.077675,-47.217923,2026-06-25T00:00:00Z,2026-09-25T00:00:00Z,6
2785853038,https://www.vivareal.com.br/imovel/lote-terreno-parque-campo-bonito-bairros-indaiatuba-150m2-venda-RS180000-id-2785853038/?source=ranking%2Crp,2026-10-01T22:43:21-03:00,180000,150,1200,isento,,true,R$ 60,60,false,Parque Campo Bonito,Rua Irmã Maria Angélica,Indaiatuba,SP,"Lote/Terreno à venda, 150m² - Parque Campo Bonito","Lote/Terreno à venda, 150m² - Parque Campo Bonito

(Código do anunciante: TE01895 | Código no Viva Real: 2785853038)

Terreno à venda, 150 m² Smart City - Indaiatuba/SP

Loteamento com ótima localização com acesso fácil à rodovia
Ótima infraestrutura completa de lazer
cx d´água própria
R$ 180.000 à vista
OU
R$ 165.000 + 44 X R$ 585,00 + Igpm anual",,Portal Imóveis,63300-F-SP,,,,ótima localização com acesso fácil à rodovia | ótima infraestrutura completa de lazer | cx d'água própria,,-23.093366,-47.278175,2025-03-10T00:00:00Z,2025-10-01T00:00:00Z,3
2909306541,https://www.vivareal.com.br/imovel/lote-terreno-parque-residencial-sabias-bairros-indaiatuba-150m2-venda-RS270000-id-2909306541/?source=ranking%2Crp,2026-10-01T22:43:21-03:00,270000,150,1800,isento,,true,R$ 91,91,false,Parque Residencial Sabiás,Rua Maria Apparecida Vieira Rodrigues,Indaiatuba,SP,"Lote/Terreno à venda, 150m² - Parque Residencial Sabiás","Terreno à venda - Parque Residencial Sabiás - Indaiatuba/SP

Área do terreno 150m²

Lote plano com topografia excelente, murado, cerca elétrica e portão!

O Jardim dos Sabiás é um loteamento residencial aberto com lotes a partir de 150m².

Em excelente localização, próximo a Avenida General Motors, ao lado do Distrito Industrial Europark e das fábricas da John Deere e Deere Hitachi.",Parque Residencial Sabiás,Century 21 Exclusive,24113-J-SP,,,plano,murado | cerca elétrica | portão,,-23.074616,-47.20512,2026-09-01,2026-09-22,10
2721567213,https://www.vivareal.com.br/imovel/lote-terreno-residencial-milano-bairros-indaiatuba-320m2-venda-RS465000-id-2721567213/?source=ranking%2Crp,2026-10-01T22:43:21-03:00,465000,320,1453.13,R$ 400,400,false,R$ 115,115,false,Residencial Milano,Rua Senhor José Eduardo Donofrio,Indaiatuba,SP,"Lote/Terreno à venda, 320m² - Residencial Milano","Terreno Condomínio Milano/Indaiatuba São 320,00m ² Pronto para construir Condomínio com infraestrutura completa",Residencial Milano,Gps Imóveis,19407-J-SP,,,,Playground | Portaria 24h | Academia,,-23.056271,-47.233742,2024-06-13,2024-06-13T00:00:00Z,26
2900485491,https://www.vivareal.com.br/imovel/lote-terreno-chacaras-traviu-bairros-indaiatuba-201m2-venda-RS260000-id-2900485491/?source=ranking%2Crp,2026-10-01T22:43:21-03:00,260000,201,1293.53,isento,,true,R$ 57,57,false,Mato Dentro,Estrada Municipal Salvador Canton Garcia,Indaiatuba,SP,"Lote/Terreno à venda, 201m² - Chácaras Traviú","Terreno à Venda no Condomínio Reserva Botânica – Indaiatuba/SP
Excelente oportunidade para construir sua casa dos sonhos em um dos condomínios mais desejados de Indaiatuba! Terreno de esquina, localizado próximo à portaria e à área de lazer do condomínio. Área total: 201,86 m² O Reserva Botânica é conhecido por seu ambiente tranquilo, com amplas áreas verdes, paisagismo exuberante e infraestrutura completa para quem busca qualidade de vida, segurança e contato com a natureza. Escritura pronta para transferência. Um lote com excelente localização dentro do condomínio — perfeito para quem quer unir conforto, natureza e praticidade no melhor de Indaiatuba.",Reserva Botânica,Pleno Imóveis,21893-J-SP,,,,Playground | Quadra poliesportiva | Área de lazer,,-23.04716,-47.233065,2026-07-22,2026-09-20,8
2888705229,https://www.vivareal.com.br/imovel/lote-terreno-loteamento-residencial-vila-fahl-bairros-indaiatuba-150m2-venda-RS280000-id-2888705229/?source=ranking%2Crp,2026-10-01T22:43:21-03:00,280000,150,1866.67,isento,,true,isento,,true,Loteamento Residencial Vila Fahl,Avenida Naudir Bernardinelli,Indaiatuba,SP,"Lote/Terreno à venda, 150m² - Loteamento Residencial Vila Fahl","Terreno à venda no Loteamento Residencial Vila Fahl, em Indaiatuba. Com uma área útil de 150m², este terreno conta com todos os serviços essenciais, como água, energia, esgoto e pavimentação. Além disso, está localizado em um bairro tranquilo e com fácil acesso a diversos pontos da cidade. Aproveite essa oportunidade para construir a casa dos seus sonhos em um lugar seguro e com uma excelente infraestrutura. Entre em contato para mais informações e agende uma visita. Venha conferir essa excelente opção de investimento!",Loteamento Residencial Vila Fahl,Patricia Cunha - Pleno Imóveis,234652-F-SP,,,,água | energia | esgoto | pavimentação,Piscina | Playground | Salão de festas,-23.092709,-47.250418,2026-05-25,2026-05-27,20
2760622448,https://www.vivareal.com.br/imovel/lote-terreno-jardim-residencial-nova-veneza-bairros-indaiatuba-150m2-venda-RS255000-id-2760622448/?source=ranking%2Crp,2026-10-01T22:43:21-03:00,255000,150,1700,isento,,true,R$ 875,875,false,Jardim Residencial Nova Veneza,Rua Manoel Gonçalves,Indaiatuba,SP,"Lote/Terreno à venda, 150m² - Jardim Residencial Nova Veneza","Lote/Terreno à venda, 150m² - Jardim Residencial Nova Veneza",,Visão Imóveis,,,,,,,-23.092243,-47.247974,1 ano,3 dias,6
2912453129,https://www.vivareal.com.br/imovel/lote-terreno-jardim-bela-vista-bairros-indaiatuba-305m2-venda-RS390000-id-2912453129/?source=ranking%2Crp,2026-10-01T22:43:21-03:00,390000,305,1278.69,isento,,true,R$ 107,107,false,Jardim Bela Vista,Rua Pérsio Sampaio,Indaiatuba,SP,"Lote/Terreno à venda, 305m² - Jardim Bela Vista","Venda de terreno no Jardim Bela Vista, Indaiatuba.

Localizado em área residencial o terreno possui 305.75m² de área útil, cercado e com topografia aclive. Conta com acesso à água, energia, esgoto e pavimentação. Bairro de fácil acesso com vista para Mata preservada.
Perfeito para construir a casa dos seus sonhos em um bairro tranquilo e bem estruturado.

Entre em contato para mais informações!",,Milena Ferreira De Souza Fernandes,252634-F-SP,,,aclive,água | energia | esgoto | pavimentação,,-23.069682,-47.235773,2026-09-16T00:00:00Z,2026-09-30T00:00:00Z,5

